0,CombatZoneResize,241,226,406,391,TLResume,,,
0,HeartTeleport,320,304,,,,,,
0,HeartMode,0,,,,,,,
0,DamagePlayer,-30,,,,,,,
0,TLPause,,,,,,,,
0,SansSweat,0,,,,,,,
0,SansHead,noeyes,,,,,,,
0,sanstext,ok.kid,,,,,,,
0,sanstext,I will kill you,,,,,,,
0,sanstext,Even if you get forgivene        ss,,,,,,,
0,SansHead,BlueEye,,,,,,,
0.4,SET,I,0,,,,,,
0.36666,RND,Direction,4,,,,,,
0,ADD,Jump,$Direction,1,,,,,
0,ADD,S,$Direction,2,,,,,
0,SUB,O,$Direction,2,,,,,
0,ADD,U,$Direction,1,,,,,
0,SUB,a,$Direction,1,,,,,
0,ADD,K,$Direction,3,,,,,
0,SUB,w,$Direction,3,,,,,
0,SET,gao,44,,,,,,
0,SET,gao2,85,,,,,,
0,RND,JI,25,,,,,,
0,ADD,gao,$gao,$JI,,,,,
0,SUB,gao2,$gao2,$JI,,,,,
0,JMPREL,$Jump,,,,,,,
0,JMPREL,4,,,,,,,
0,JMPREL,5,,,,,,,
0,JMPREL,6,,,,,,,
0,JMPREL,7,,,,,,,
0,SansBody,HandRight,,,,,,,
0,JMPREL,7,,,,,,,
0,SansBody,HandDown,,,,,,,
0,JMPREL,5,,,,,,,
0,SansBody,HandLeft,,,,,,,
0,JMPREL,3,,,,,,,
0,SansBody,HandUp,,,,,,,
0,JMPREL,1,,,,,,,
0.26666,SansSlam,$Direction,,,,,,,
0.2,BoneStab,$Direction,29,0.44,0,,,,
0,BoneStab,$S,100,0.44,0,,,,
0,BoneStab,$O,100,0.44,0,,,,
0,BoneStab,$a,$gao,0.44,0,,,,
0,BoneStab,$U,$gao2,0.44,0,,,,
0,BoneStab,$K,$gao,0.44,0,,,,
0,BoneStab,$w,$gao2,0.44,0,,,,
0,ADD,I,$I,1,,,,,
0,JMPL,13,$I,8,,,,,
0.58888,SansBody,HandDown,,,,,,,
0,SansHead,,,,,,,,
0,SansSlam,1,43,0.4,12,,,,
0.4,BoneStab,1,43,0.4,12,,,,
0,BoneStab,2,43,0.4,12,,,,
0,BoneStab,3,43,0.4,12,,,,
0,BoneStab,0,43,0.4,12,,,,
0.6,HeartMode,,,,,,,,
0,Sound,ding,,,,,,,
0.2,BoneHRepeat,241,126,80,1,150,15,100,
0,BoneHRepeat,325,466,80,3,150,15,100,
0,BoneVRepeat,521,226,80,2,150,15,100,
0,BoneVRepeat,111,311,80,0,150,15,100,
12,SansBody,HandLeft,,,,,,,
0,SansSlam,2,,,,,,,
0,gasterblaster,0,0,0,315,166,90,0.1,0.1
0,gasterblaster,0,640,0,355,166,120,0.1,0.1
0,gasterblaster,0,640,480,355,451,-120,0.1,0.1
0.2,BoneStab,2,29,0.4,0.2,,,,
0.2,HeartMaxFallSpeed,0,,,,,,,
0,CombatZoneResize,241,226,650,391,,,,
0,CombatZoneSpeed,900,,,,,,,
0.8,SansBody,HandRight,,,,,,,
0,SansSlam,0,,,,,,,
0,HeartMaxFallSpeed,300,,,,,,,
0,CombatZoneResize,-10,236,650,381,,,,
0,CombatZoneSpeed,900,,,,,,,
0.46666,SansRepeat,,,,,,,,
0,sanstorso,Default,,,,,,,
0.2,HeartMaxFallSpeed,-300,,,,,,,
0.46666,HeartMaxFallSpeed,0,,,,,,,
1,SET,jjjj,100,,,,,,
0,SUB,jjjj,$jjjj,1,,,,,
0,SET,io,241,,,,,,
0,SET,io2,256,,,,,,
0,RND,jia,96,,,,,,
0,RND,yanse,2,,,,,,
0,ADD,io,$io,$jia,,,,,
0,ADD,io2,$io2,$jia,,,,,
0,bonev,700,$io,40,2,600,$yanse,,
0,boneh,685,$io2,40,2,600,$yanse,,
0,sound,BoneStab,,,,,,,
0.188888,JMPNZ,81,$jjjj,,,,,,
0,HeartMaxFallSpeed,20,,,,,,,
1,DIV,Deg,180,$pi,,,,,
0,SET,I,0,,,,,,
0,DIV,Ang,$I,2,,,,,
0,MUL,Ang,$Ang,$Deg,,,,,
0,SIN,Sine,$Ang,,,,,,
0,MUL,Sine,$Sine,25,,,,,
0,FLOOR,Sine,$Sine,,,,,,
0,MUL,X,$I,15,,,,,
0,ADD,X,$X,634,,,,,
0,SET,Y,241,,,,,,
0,ADD,H,50,$Sine,,,,,
0,BoneV,$X,$Y,$H,2,900,,,
0,ADD,Y,$Y,$H,,,,,
0,ADD,Y,$Y,20,,,,,
0,SUB,H,376,$Y,,,,,
0,BoneV,$X,$Y,$H,2,900,,,
0,ADD,I,$I,1,,,,,
0.05,JMPL,95,$I,124,,,,,
2,HeartMaxFallSpeed,0,,,,,,,
1,bonev,700,241,40,2,500,,,
0,bonev,700,291,85,2,500,,,
0,bonev,715,241,40,2,500,,,
0,bonev,715,291,85,2,500,,,
0,bonev,730,241,40,2,500,,,
0,bonev,730,291,85,2,500,,,
0,bonev,745,241,40,2,500,,,
0,bonev,745,291,85,2,500,,,
0,bonev,760,241,40,2,500,,,
0,bonev,760,291,85,2,500,,,
0,bonev,775,241,40,2,500,,,
0,bonev,775,291,85,2,500,,,
0,bonev,790,241,40,2,500,,,
0,bonev,790,291,85,2,500,,,
0,bonev,805,241,40,2,500,,,
0,bonev,805,291,85,2,500,,,
0,bonev,820,241,40,2,500,,,
0,bonev,820,291,85,2,500,,,
0,bonev,835,241,40,2,500,,,
0,bonev,835,291,85,2,500,,,
0,bonev,850,241,40,2,500,,,
0,bonev,850,291,85,2,500,,,
0,bonev,865,241,40,2,500,,,
0,bonev,865,291,85,2,500,,,
0,bonev,880,241,40,2,500,,,
0,bonev,880,291,85,2,500,,,
0,bonev,895,241,40,2,500,,,
0,bonev,895,291,85,2,500,,,
0,bonev,910,241,40,2,500,,,
0,bonev,910,291,85,2,500,,,
0,bonev,925,241,40,2,500,,,
0,bonev,925,291,85,2,500,,,
0,bonev,940,241,40,2,500,,,
0,bonev,940,291,85,2,500,,,
0,bonev,955,241,40,2,500,,,
0,bonev,955,291,85,2,500,,,
0,bonev,970,241,40,2,500,,,
0,bonev,970,291,85,2,500,,,
0,bonev,985,241,40,2,500,,,
0,bonev,985,291,85,2,500,,,
0,bonev,1000,241,40,2,500,,,
0,bonev,1000,291,85,2,500,,,
2,bonev,700,241,85,2,500,,,
0,bonev,700,336,40,2,500,,,
0,bonev,715,241,85,2,500,,,
0,bonev,715,336,40,2,500,,,
0,bonev,730,241,85,2,500,,,
0,bonev,730,336,40,2,500,,,
0,bonev,745,241,85,2,500,,,
0,bonev,745,336,40,2,500,,,
0,bonev,760,241,85,2,500,,,
0,bonev,760,336,40,2,500,,,
0,bonev,775,241,85,2,500,,,
0,bonev,775,336,40,2,500,,,
0,bonev,790,241,85,2,500,,,
0,bonev,790,336,40,2,500,,,
0,bonev,805,241,85,2,500,,,
0,bonev,805,336,40,2,500,,,
0,bonev,820,241,85,2,500,,,
0,bonev,820,336,40,2,500,,,
0,bonev,835,241,85,2,500,,,
0,bonev,835,336,40,2,500,,,
0,bonev,850,241,85,2,500,,,
0,bonev,850,336,40,2,500,,,
0,bonev,865,241,85,2,500,,,
0,bonev,865,336,40,2,500,,,
0,bonev,880,241,85,2,500,,,
0,bonev,880,336,40,2,500,,,
0,bonev,895,241,85,2,500,,,
0,bonev,895,336,40,2,500,,,
0,bonev,910,241,85,2,500,,,
0,bonev,910,336,40,2,500,,,
0,bonev,925,241,85,2,500,,,
0,bonev,925,336,40,2,500,,,
0,bonev,940,241,85,2,500,,,
0,bonev,940,336,40,2,500,,,
0,bonev,955,241,85,2,500,,,
0,bonev,955,336,40,2,500,,,
0,bonev,970,241,85,2,500,,,
0,bonev,970,336,40,2,500,,,
0,bonev,985,241,85,2,500,,,
0,bonev,985,336,40,2,500,,,
0,bonev,1000,241,85,2,500,,,
0,bonev,1000,336,40,2,500,,,
2,bonev,700,371,5,2,900,,,
0,bonev,750,366,10,2,900,,,
0,bonev,800,361,15,2,900,,,
0,bonev,850,356,20,2,900,,,
0,bonev,900,351,25,2,900,,,
0,bonev,950,346,30,2,900,,,
0,bonev,1000,341,35,2,900,,,
0,bonev,1050,336,40,2,900,,,
0,bonev,1100,331,45,2,900,,,
0,bonev,1150,326,50,2,900,,,
0,bonev,1200,321,55,2,900,,,
0,bonev,1250,316,60,2,900,,,
0,bonev,1300,311,65,2,900,,,
0,bonev,1350,306,70,2,900,,,
0,bonev,1400,301,75,2,900,,,
0,bonev,1450,296,80,2,900,,,
0,bonev,1500,291,85,2,900,,,
0,bonev,1550,286,90,2,900,,,
0,bonev,1600,281,95,2,900,,,
0,bonev,1650,276,100,2,900,,,
0,bonev,1700,271,105,2,900,,,
0,bonev,1750,266,110,2,900,,,
0,bonev,1800,261,115,2,900,,,
0,bonev,1850,256,120,2,900,,,
0,bonev,1900,254,123,2,900,,,
2,bonev,700,241,5,2,900,,,
0,bonev,750,241,10,2,900,,,
0,bonev,800,241,15,2,900,,,
0,bonev,850,241,20,2,900,,,
0,bonev,900,241,25,2,900,,,
0,bonev,950,241,30,2,900,,,
0,bonev,1000,241,35,2,900,,,
0,bonev,1050,241,40,2,900,,,
0,bonev,1100,241,45,2,900,,,
0,bonev,1150,241,50,2,900,,,
0,bonev,1200,241,55,2,900,,,
0,bonev,1250,241,60,2,900,,,
0,bonev,1300,241,65,2,900,,,
0,bonev,1350,241,70,2,900,,,
0,bonev,1400,241,75,2,900,,,
0,bonev,1450,241,80,2,900,,,
0,bonev,1500,241,85,2,900,,,
0,bonev,1550,241,90,2,900,,,
0,bonev,1600,241,95,2,900,,,
0,bonev,1650,241,100,2,900,,,
0,bonev,1700,241,105,2,900,,,
0,bonev,1750,241,110,2,900,,,
0,bonev,1800,241,115,2,900,,,
0,bonev,1850,241,120,2,900,,,
0,bonev,1900,241,123,2,900,,,
2,bonev,700,371,5,2,900,,,
0,bonev,750,366,10,2,900,,,
0,bonev,800,361,15,2,900,,,
0,bonev,850,356,20,2,900,,,
0,bonev,900,351,25,2,900,,,
0,bonev,950,346,30,2,900,,,
0,bonev,1000,341,35,2,900,,,
0,bonev,1050,336,40,2,900,,,
0,bonev,1100,331,45,2,900,,,
0,bonev,1150,326,50,2,900,,,
0,bonev,1200,321,55,2,900,,,
0,bonev,1250,316,60,2,900,,,
0,bonev,700,241,5,2,900,,,
0,bonev,750,241,10,2,900,,,
0,bonev,800,241,15,2,900,,,
0,bonev,850,241,20,2,900,,,
0,bonev,900,241,25,2,900,,,
0,bonev,950,241,30,2,900,,,
0,bonev,1000,241,35,2,900,,,
0,bonev,1050,241,40,2,900,,,
0,bonev,1100,241,45,2,900,,,
0,bonev,1150,241,50,2,900,,,
0,bonev,1200,241,55,2,900,,,
0,bonev,1250,241,60,2,900,,,
0,CombatZoneResize,-10,236,610,381,,,,
0,CombatZoneSpeed,900,,,,,,,
0,SansEndRepeat,,,,,,,,
0,SansBody,HandRight,,,,,,,
0,HeartMaxFallSpeed,700,,,,,,,
0,sansslam,0,,,,,,,
0.2,BoneStab,0,50,1,2,,,,
1,sound,ding,,,,,,,
0,heartmode,1,,,,,,,
0,platform,535,281,20,,,,,
0,gasterblaster,2,600,321,590,321,180,0,1
0,gasterblaster,1,600,241,590,241,180,0,1
0,gasterblaster,2,485,451,495,451,-90,0,1
1.8,BlackScreen,1,,,,,,,
0,sound,flash,,,,,,,
0,CombatZoneResizeinstant,241,226,406,391,,,,
0,heartmode,0,,,,,,,
0,sanstorso,Default,,,,,,,
0,SansAnimation,Idle,,,,,,,
0,HeartTeleport,320,304,,,,,,
0,gasterblaster,2,271,166,271,166,90,1,1
0,gasterblaster,2,301,166,301,166,90,1,1
0,gasterblaster,2,321,166,321,166,90,1,1
0,gasterblaster,2,166,256,166,256,0,1,1
0,gasterblaster,2,166,276,166,276,0,1,1
0,gasterblaster,2,166,296,166,296,0,1,1
0,gasterblaster,2,166,316,166,316,0,1,1
0,gasterblaster,0,396,166,396,166,90,1,1
0.1,BlackScreen,0,,,,,,,
0,sound,flash,,,,,,,
0.5,sansslam,1,,,,,,,
0,BoneStab,1,15,0.4,0.2,,,,
1.8,BlackScreen,1,,,,,,,
0,sound,flash,,,,,,,
0,sansslam,2,,,,,,,
0,HeartTeleport,256,240,,,,,,
0,gasterblaster,1,256,166,256,166,90,1,1.5
0,gasterblaster,1,188,241,188,241,0,1,1.5
0,gasterblaster,2,341,144,341,144,90,1.5,1
0,gasterblaster,1,456,256,456,256,180,1.5,1
0,gasterblaster,2,486,346,486,346,180,1.5,1
0,gasterblaster,0,392,166,392,166,90,1.5,1
0.1,BlackScreen,0,,,,,,,
0,sound,flash,,,,,,,
0.8,heartmode,0,,,,,,,
0,sound,ding,,,,,,,
2,BlackScreen,1,,,,,,,
0,sound,flash,,,,,,,
0,sansslam,0,,,,,,,
0,HeartTeleport,381,320,,,,,,
0,gasterblaster,1,381,166,381,166,90,1,2
0,gasterblaster,2,144,256,144,256,0,1.5,1.5
0,gasterblaster,2,144,276,144,276,0,1.5,1.5
0,gasterblaster,2,144,296,144,296,0,1.5,1.5
0,gasterblaster,2,144,316,144,316,0,1.5,1.5
0,gasterblaster,2,276,144,276,144,90,2,1
0,SansX,320,,,,,,,
0.1,BlackScreen,0,,,,,,,
0,sound,flash,,,,,,,
0.8,heartmode,0,,,,,,,
0,sound,ding,,,,,,,
2,SET,gt,0,,,,,,
0,SET,gin,1,,,,,,
0,MUL,Ang,$gt,-6,,,,,
0,COS,X,$Ang,,,,,,
0,SIN,Y,$Ang,,,,,,
0,MUL,EndX,$X,200,,,,,
0,MUL,EndY,$Y,200,,,,,
0,MUL,X,$EndX,3,,,,,
0,MUL,Y,$EndY,3,,,,,
0,ADD,X,$X,325,,,,,
0,ADD,Y,$Y,306,,,,,
0,ADD,EndX,$EndX,325,,,,,
0,ADD,EndY,$EndY,306,,,,,
0,ADD,Ang,$Ang,180,,,,,
0,GasterBlaster,0,$X,$Y,$EndX,$EndY,$Ang,1,0
0,ADD,gt,$gt,$gin,,,,,
0,JMPNL,349,$gin,2.7,,,,,
0,ADD,gin,$gin,0.015,,,,,
0.06666,JMPL,333,$gt,120,,,,,
0,SET,gt,0,,,,,,
0,SET,gin,1,,,,,,
0,MUL,Ang,$gt,-6,,,,,
0,COS,X,$Ang,,,,,,
0,SIN,Y,$Ang,,,,,,
0,MUL,EndX,$X,200,,,,,
0,MUL,EndY,$Y,200,,,,,
0,MUL,X,$EndX,3,,,,,
0,MUL,Y,$EndY,3,,,,,
0,ADD,Ang2,$Ang,-90,,,,,
0,COS,X2,$Ang2,,,,,,
0,SIN,Y2,$Ang2,,,,,,
0,MUL,EndX2,$X2,200,,,,,
0,MUL,EndY2,$Y2,200,,,,,
0,MUL,X2,$EndX2,3,,,,,
0,MUL,Y2,$EndY2,3,,,,,
0,ADD,X,$X,325,,,,,
0,ADD,Y,$Y,306,,,,,
0,ADD,EndX,$EndX,325,,,,,
0,ADD,EndY,$EndY,306,,,,,
0,ADD,X2,$X2,325,,,,,
0,ADD,Y2,$Y2,306,,,,,
0,ADD,EndX2,$EndX2,325,,,,,
0,ADD,EndY2,$EndY2,306,,,,,
0,ADD,Ang2,$Ang2,180,,,,,
0,ADD,Ang,$Ang,180,,,,,
0,GasterBlaster,0,$X,$Y,$EndX,$EndY,$Ang,1,0
0,GasterBlaster,0,$X2,$Y2,$EndX2,$EndY2,$Ang2,1,0
0,ADD,gt,$gt,$gin,,,,,
0,JMPNL,381,$gin,2.5,,,,,
0,ADD,gin,$gin,0.015,,,,,
0.06666,JMPL,352,$gt,121,,,,,
0,SET,gt,0,,,,,,
0,SET,gin,1,,,,,,
0,MUL,Ang,$gt,-6,,,,,
0,COS,X,$Ang,,,,,,
0,SIN,Y,$Ang,,,,,,
0,MUL,EndX,$X,200,,,,,
0,MUL,EndY,$Y,200,,,,,
0,MUL,X,$EndX,3,,,,,
0,MUL,Y,$EndY,3,,,,,
0,ADD,Ang2,$Ang,-90,,,,,
0,COS,X2,$Ang2,,,,,,
0,SIN,Y2,$Ang2,,,,,,
0,MUL,EndX2,$X2,200,,,,,
0,MUL,EndY2,$Y2,200,,,,,
0,MUL,X2,$EndX2,3,,,,,
0,MUL,Y2,$EndY2,3,,,,,
0,ADD,Ang3,$Ang,-45,,,,,
0,COS,X3,$Ang3,,,,,,
0,SIN,Y3,$Ang3,,,,,,
0,MUL,EndX3,$X3,200,,,,,
0,MUL,EndY3,$Y3,200,,,,,
0,MUL,X3,$EndX3,3,,,,,
0,MUL,Y3,$EndY3,3,,,,,
0,ADD,Ang4,$Ang,-135,,,,,
0,COS,X4,$Ang4,,,,,,
0,SIN,Y4,$Ang4,,,,,,
0,MUL,EndX4,$X4,200,,,,,
0,MUL,EndY4,$Y4,200,,,,,
0,MUL,X4,$EndX4,3,,,,,
0,MUL,Y4,$EndY4,3,,,,,
0,ADD,Ang5,$Ang,-180,,,,,
0,COS,X5,$Ang5,,,,,,
0,SIN,Y5,$Ang5,,,,,,
0,MUL,EndX5,$X5,200,,,,,
0,MUL,EndY5,$Y5,200,,,,,
0,MUL,X5,$EndX5,3,,,,,
0,MUL,Y5,$EndY5,3,,,,,
0,ADD,Ang6,$Ang,-275,,,,,
0,COS,X6,$Ang6,,,,,,
0,SIN,Y6,$Ang6,,,,,,
0,MUL,EndX6,$X6,200,,,,,
0,MUL,EndY6,$Y6,200,,,,,
0,MUL,X6,$EndX6,3,,,,,
0,MUL,Y6,$EndY6,3,,,,,
0,ADD,Ang7,$Ang,90,,,,,
0,COS,X7,$Ang7,,,,,,
0,SIN,Y7,$Ang7,,,,,,
0,MUL,EndX7,$X7,200,,,,,
0,MUL,EndY7,$Y7,200,,,,,
0,MUL,X7,$EndX7,3,,,,,
0,MUL,Y7,$EndY7,3,,,,,
0,ADD,Ang8,$Ang,-315,,,,,
0,COS,X8,$Ang8,,,,,,
0,SIN,Y8,$Ang8,,,,,,
0,MUL,EndX8,$X8,200,,,,,
0,MUL,EndY8,$Y8,200,,,,,
0,MUL,X8,$EndX8,3,,,,,
0,MUL,Y8,$EndY8,3,,,,,
0,ADD,X,$X,325,,,,,
0,ADD,Y,$Y,306,,,,,
0,ADD,EndX,$EndX,325,,,,,
0,ADD,EndY,$EndY,306,,,,,
0,ADD,X2,$X2,325,,,,,
0,ADD,Y2,$Y2,306,,,,,
0,ADD,EndX2,$EndX2,325,,,,,
0,ADD,EndY2,$EndY2,306,,,,,
0,ADD,X3,$X3,325,,,,,
0,ADD,Y3,$Y3,306,,,,,
0,ADD,EndX3,$EndX3,325,,,,,
0,ADD,EndY3,$EndY3,306,,,,,
0,ADD,X4,$X4,325,,,,,
0,ADD,Y4,$Y4,306,,,,,
0,ADD,EndX4,$EndX4,325,,,,,
0,ADD,EndY4,$EndY4,306,,,,,
0,ADD,X5,$X5,325,,,,,
0,ADD,Y5,$Y5,306,,,,,
0,ADD,EndX5,$EndX5,325,,,,,
0,ADD,EndY5,$EndY5,306,,,,,
0,ADD,X6,$X6,325,,,,,
0,ADD,Y6,$Y6,306,,,,,
0,ADD,EndX6,$EndX6,325,,,,,
0,ADD,EndY6,$EndY6,306,,,,,
0,ADD,X7,$X7,325,,,,,
0,ADD,Y7,$Y7,306,,,,,
0,ADD,EndX7,$EndX7,325,,,,,
0,ADD,EndY7,$EndY7,306,,,,,
0,ADD,X8,$X8,325,,,,,
0,ADD,Y8,$Y8,306,,,,,
0,ADD,EndX8,$EndX8,325,,,,,
0,ADD,EndY8,$EndY8,306,,,,,
0,ADD,Ang8,$Ang8,180,,,,,
0,ADD,Ang7,$Ang7,180,,,,,
0,ADD,Ang6,$Ang6,180,,,,,
0,ADD,Ang5,$Ang5,180,,,,,
0,ADD,Ang4,$Ang4,180,,,,,
0,ADD,Ang3,$Ang3,180,,,,,
0,ADD,Ang2,$Ang2,180,,,,,
0,ADD,Ang,$Ang,180,,,,,
0,GasterBlaster,0,$X,$Y,$EndX,$EndY,$Ang,1,0
0,GasterBlaster,0,$X2,$Y2,$EndX2,$EndY2,$Ang2,1,0
0,GasterBlaster,0,$X3,$Y3,$EndX3,$EndY3,$Ang3,1,0
0,GasterBlaster,0,$X4,$Y4,$EndX4,$EndY4,$Ang4,1,0
0,GasterBlaster,0,$X5,$Y5,$EndX5,$EndY5,$Ang5,1,0
0,GasterBlaster,0,$X6,$Y6,$EndX6,$EndY6,$Ang6,1,0
0,GasterBlaster,0,$X7,$Y7,$EndX7,$EndY7,$Ang7,1,0
0,GasterBlaster,0,$X8,$Y8,$EndX8,$EndY8,$Ang8,1,0
0,ADD,gt,$gt,$gin,,,,,
0,JMPNL,491,$gin,1.2,,,,,
0,ADD,gin,$gin,0.015,,,,,
0.099999,JMPL,384,$gt,363,,,,,
1.5,GasterBlaster,1,0,0,201,226,0,1,1
0,GasterBlaster,1,0,0,241,144,90,1,1
0,GasterBlaster,1,640,480,446,391,180,1,1
0,GasterBlaster,1,640,480,406,473,-90,1,1
1.8,CombatZoneResizeinstant,-10,-10,650,490,,,,
0,CombatZoneSpeed,900,,,,,,,
0,DamagePlayer,-92,,,,,,,
0,sound,playerheal,1,,,,,,
1.5,SET,gt,0,,,,,,
0,SET,gin,1,,,,,,
0,SET,gt2,0,,,,,,
0,SET,gin2,1,,,,,,
0,MUL,Ang,$gt,-1,,,,,
0,GasterBlaster,2,320,240,320,240,$Ang,1,0
0,ADD,gt,$gt,$gin,,,,,
0,JMPNL,508,$gin,1,,,,,
0,ADD,gin,$gin,,,,,,
0.06666,MUL,Ang,$gt,-1,,,,,
0,GasterBlaster,2,320,240,320,240,$Ang,1,0
0,ADD,gt,$gt,$gin,,,,,
0,JMPNL,513,$gin,1,,,,,
0,ADD,gin,$gin,,,,,,
0.06666,MUL,Ang,$gt,-1,,,,,
0,GasterBlaster,2,320,240,320,240,$Ang,1,0
0,ADD,gt,$gt,$gin,,,,,
0,JMPNL,518,$gin,1,,,,,
0,ADD,gin,$gin,,,,,,
0.06666,MUL,Ang,$gt,-1,,,,,
0,GasterBlaster,2,320,240,320,240,$Ang,1,0
0,ADD,gt,$gt,$gin,,,,,
0,JMPNL,523,$gin,1,,,,,
0,ADD,gin,$gin,,,,,,
0.06666,MUL,Ang,$gt,-1,,,,,
0,GasterBlaster,2,320,240,320,240,$Ang,1,0
0,ADD,gt,$gt,$gin,,,,,
0,JMPNL,528,$gin,1,,,,,
0,ADD,gin,$gin,,,,,,
0.06666,MUL,Ang,$gt,-1,,,,,
0,GasterBlaster,2,320,240,320,240,$Ang,1,0
0,ADD,gt,$gt,$gin,,,,,
0,JMPNL,533,$gin,1,,,,,
0,ADD,gin,$gin,,,,,,
0.06666,MUL,Ang,$gt,-1,,,,,
0,GasterBlaster,2,320,240,320,240,$Ang,1,0
0,ADD,gt,$gt,$gin,,,,,
0,JMPNL,538,$gin,1,,,,,
0,ADD,gin,$gin,,,,,,
0.06666,MUL,Ang,$gt,-1,,,,,
0,GasterBlaster,2,320,240,320,240,$Ang,1,0
0,ADD,gt,$gt,$gin,,,,,
0,JMPNL,543,$gin,1,,,,,
0,ADD,gin,$gin,,,,,,
0.06666,MUL,Ang,$gt,-1,,,,,
0,GasterBlaster,2,320,240,320,240,$Ang,1,0
0,ADD,gt,$gt,$gin,,,,,
0,JMPNL,548,$gin,1,,,,,
0,ADD,gin,$gin,,,,,,
0.06666,MUL,Ang,$gt,-1,,,,,
0,GasterBlaster,2,320,240,320,240,$Ang,1,0
0,ADD,gt,$gt,$gin,,,,,
0,JMPNL,553,$gin,1,,,,,
0,ADD,gin,$gin,,,,,,
0.06666,MUL,Ang,$gt,-1,,,,,
0,GasterBlaster,2,320,240,320,240,$Ang,1,0
0,ADD,gt,$gt,$gin,,,,,
0,JMPNL,558,$gin,1,,,,,
0,ADD,gin,$gin,,,,,,
0,MUL,Ang2,$gt2,-15,,,,,
0,COS,X2,$Ang2,,,,,,
0,SIN,Y2,$Ang2,,,,,,
0,MUL,EndX2,$X2,350,,,,,
0,MUL,EndY2,$Y2,350,,,,,
0,MUL,X2,$EndX2,3,,,,,
0,MUL,Y2,$EndY2,3,,,,,
0,ADD,X2,$X2,320,,,,,
0,ADD,Y2,$Y2,240,,,,,
0,ADD,EndX2,$EndX2,320,,,,,
0,ADD,EndY2,$EndY2,240,,,,,
0,ADD,Ang3,$Ang2,-30,,,,,
0,COS,X3,$Ang3,,,,,,
0,SIN,Y3,$Ang3,,,,,,
0,MUL,EndX3,$X3,350,,,,,
0,MUL,EndY3,$Y3,350,,,,,
0,MUL,X3,$EndX3,3,,,,,
0,MUL,Y3,$EndY3,3,,,,,
0,ADD,X3,$X3,320,,,,,
0,ADD,Y3,$Y3,240,,,,,
0,ADD,EndX3,$EndX3,320,,,,,
0,ADD,EndY3,$EndY3,240,,,,,
0,ADD,Ang4,$Ang2,-60,,,,,
0,COS,X4,$Ang4,,,,,,
0,SIN,Y4,$Ang4,,,,,,
0,MUL,EndX4,$X4,350,,,,,
0,MUL,EndY4,$Y4,350,,,,,
0,MUL,X4,$EndX4,3,,,,,
0,MUL,Y4,$EndY4,3,,,,,
0,ADD,X4,$X4,320,,,,,
0,ADD,Y4,$Y4,240,,,,,
0,ADD,EndX4,$EndX4,320,,,,,
0,ADD,EndY4,$EndY4,240,,,,,
0,ADD,Ang5,$Ang2,-90,,,,,
0,COS,X5,$Ang5,,,,,,
0,SIN,Y5,$Ang5,,,,,,
0,MUL,EndX5,$X5,350,,,,,
0,MUL,EndY5,$Y5,350,,,,,
0,MUL,X5,$EndX5,3,,,,,
0,MUL,Y5,$EndY5,3,,,,,
0,ADD,X5,$X5,320,,,,,
0,ADD,Y5,$Y5,240,,,,,
0,ADD,EndX5,$EndX5,320,,,,,
0,ADD,EndY5,$EndY5,240,,,,,
0,ADD,Ang6,$Ang2,-120,,,,,
0,COS,X6,$Ang6,,,,,,
0,SIN,Y6,$Ang6,,,,,,
0,MUL,EndX6,$X6,350,,,,,
0,MUL,EndY6,$Y6,350,,,,,
0,MUL,X6,$EndX6,3,,,,,
0,MUL,Y6,$EndY6,3,,,,,
0,ADD,X6,$X6,320,,,,,
0,ADD,Y6,$Y6,240,,,,,
0,ADD,EndX6,$EndX6,320,,,,,
0,ADD,EndY6,$EndY6,240,,,,,
0,ADD,Ang7,$Ang2,-150,,,,,
0,COS,X7,$Ang7,,,,,,
0,SIN,Y7,$Ang7,,,,,,
0,MUL,EndX7,$X7,350,,,,,
0,MUL,EndY7,$Y7,350,,,,,
0,MUL,X7,$EndX7,3,,,,,
0,MUL,Y7,$EndY7,3,,,,,
0,ADD,X7,$X7,320,,,,,
0,ADD,Y7,$Y7,240,,,,,
0,ADD,EndX7,$EndX7,320,,,,,
0,ADD,EndY7,$EndY7,240,,,,,
0,ADD,Ang8,$Ang2,-180,,,,,
0,COS,X8,$Ang8,,,,,,
0,SIN,Y8,$Ang8,,,,,,
0,MUL,EndX8,$X8,350,,,,,
0,MUL,EndY8,$Y8,350,,,,,
0,MUL,X8,$EndX8,3,,,,,
0,MUL,Y8,$EndY8,3,,,,,
0,ADD,X8,$X8,320,,,,,
0,ADD,Y8,$Y8,240,,,,,
0,ADD,EndX8,$EndX8,320,,,,,
0,ADD,EndY8,$EndY8,240,,,,,
0,ADD,Ang9,$Ang2,-210,,,,,
0,COS,X9,$Ang9,,,,,,
0,SIN,Y9,$Ang9,,,,,,
0,MUL,EndX9,$X9,350,,,,,
0,MUL,EndY9,$Y9,350,,,,,
0,MUL,X9,$EndX9,3,,,,,
0,MUL,Y9,$EndY9,3,,,,,
0,ADD,X9,$X9,320,,,,,
0,ADD,Y9,$Y9,240,,,,,
0,ADD,EndX9,$EndX9,320,,,,,
0,ADD,EndY9,$EndY9,240,,,,,
0,ADD,Ang10,$Ang2,-240,,,,,
0,COS,X10,$Ang10,,,,,,
0,SIN,Y10,$Ang10,,,,,,
0,MUL,EndX10,$X10,350,,,,,
0,MUL,EndY10,$Y10,350,,,,,
0,MUL,X10,$EndX10,3,,,,,
0,MUL,Y10,$EndY10,3,,,,,
0,ADD,X10,$X10,320,,,,,
0,ADD,Y10,$Y10,240,,,,,
0,ADD,EndX10,$EndX10,320,,,,,
0,ADD,EndY10,$EndY10,240,,,,,
0,ADD,Ang11,$Ang2,-270,,,,,
0,COS,X11,$Ang11,,,,,,
0,SIN,Y11,$Ang11,,,,,,
0,MUL,EndX11,$X11,350,,,,,
0,MUL,EndY11,$Y11,350,,,,,
0,MUL,X11,$EndX11,3,,,,,
0,MUL,Y11,$EndY11,3,,,,,
0,ADD,X11,$X11,320,,,,,
0,ADD,Y11,$Y11,240,,,,,
0,ADD,EndX11,$EndX11,320,,,,,
0,ADD,EndY11,$EndY11,240,,,,,
0,ADD,Ang12,$Ang2,-300,,,,,
0,COS,X12,$Ang12,,,,,,
0,SIN,Y12,$Ang12,,,,,,
0,MUL,EndX12,$X12,350,,,,,
0,MUL,EndY12,$Y12,350,,,,,
0,MUL,X12,$EndX12,3,,,,,
0,MUL,Y12,$EndY12,3,,,,,
0,ADD,X12,$X12,320,,,,,
0,ADD,Y12,$Y12,240,,,,,
0,ADD,EndX12,$EndX12,320,,,,,
0,ADD,EndY12,$EndY12,240,,,,,
0,ADD,Ang13,$Ang2,-330,,,,,
0,COS,X13,$Ang13,,,,,,
0,SIN,Y13,$Ang13,,,,,,
0,MUL,EndX13,$X13,350,,,,,
0,MUL,EndY13,$Y13,350,,,,,
0,MUL,X13,$EndX13,3,,,,,
0,MUL,Y13,$EndY13,3,,,,,
0,ADD,X13,$X13,320,,,,,
0,ADD,Y13,$Y13,240,,,,,
0,ADD,EndX13,$EndX13,320,,,,,
0,ADD,EndY13,$EndY13,240,,,,,
0,ADD,Ang13,$Ang13,180,,,,,
0,ADD,Ang12,$Ang12,180,,,,,
0,ADD,Ang11,$Ang11,180,,,,,
0,ADD,Ang10,$Ang10,180,,,,,
0,ADD,Ang9,$Ang9,180,,,,,
0,ADD,Ang8,$Ang8,180,,,,,
0,ADD,Ang7,$Ang7,180,,,,,
0,ADD,Ang6,$Ang6,180,,,,,
0,ADD,Ang5,$Ang5,180,,,,,
0,ADD,Ang4,$Ang4,180,,,,,
0,ADD,Ang3,$Ang3,180,,,,,
0,ADD,Ang2,$Ang2,180,,,,,
0,GetHeartPos,HeartX,HeartY,,,,,,
0,SUB,HeartY,$HeartY,100,,,,,
0,GetHeartPos,HeartXX,HeartYY,,,,,,
0,ADD,HeartYY,$HeartYY,100,,,,,
0,GetHeartPos,HeartXXX,HeartYYY,,,,,,
0,SUB,HeartXXX,$HeartXXX,100,,,,,
0,GetHeartPos,HeartXXXX,HeartYYYY,,,,,,
0,ADD,HeartXXXX,$HeartXXXX,100,,,,,
0,GasterBlaster,0,$X2,$Y2,$EndX2,$EndY2,$Ang2,1,0
0,GasterBlaster,0,$X3,$Y3,$EndX3,$EndY3,$Ang3,1,0
0,GasterBlaster,0,$X4,$Y4,$EndX4,$EndY4,$Ang4,1,0
0,GasterBlaster,0,$X5,$Y5,$EndX5,$EndY5,$Ang5,1,0
0,GasterBlaster,0,$X6,$Y6,$EndX6,$EndY6,$Ang6,1,0
0,GasterBlaster,0,$X7,$Y7,$EndX7,$EndY7,$Ang7,1,0
0,GasterBlaster,0,$X8,$Y8,$EndX8,$EndY8,$Ang8,1,0
0,GasterBlaster,0,$X9,$Y9,$EndX9,$EndY9,$Ang9,1,0
0,GasterBlaster,0,$X10,$Y10,$EndX10,$EndY10,$Ang10,1,0
0,GasterBlaster,0,$X11,$Y11,$EndX11,$EndY11,$Ang11,1,0
0,GasterBlaster,0,$X12,$Y12,$EndX12,$EndY12,$Ang12,1,0
0,GasterBlaster,0,$X13,$Y13,$EndX13,$EndY13,$Ang13,1,0
0,GasterBlaster,0,320,0,$HeartX,$HeartY,90,1,0
0,GasterBlaster,0,320,480,$HeartXX,$HeartYY,-90,1,0
0,GasterBlaster,0,0,240,$HeartXXX,$HeartYYY,0,1,0
0,GasterBlaster,0,640,240,$HeartXXXX,$HeartYYYY,180,1,0
0,ADD,gt2,$gt2,$gin2,,,,,
0,JMPNL,729,$gin2,,,,,,
0,ADD,gin2,$gin2,,,,,,
0.06666,MUL,Ang,$gt,-1,,,,,
0,GasterBlaster,2,320,240,320,240,$Ang,1,0
0,ADD,gt,$gt,$gin,,,,,
0,JMPNL,734,$gin,1,,,,,
0,ADD,gin,$gin,,,,,,
0.06666,MUL,Ang,$gt,-1,,,,,
0,GasterBlaster,2,320,240,320,240,$Ang,1,0
0,ADD,gt,$gt,$gin,,,,,
0,JMPNL,739,$gin,1,,,,,
0,ADD,gin,$gin,,,,,,
0.06666,MUL,Ang,$gt,-1,,,,,
0,GasterBlaster,2,320,240,320,240,$Ang,1,0
0,ADD,gt,$gt,$gin,,,,,
0,JMPNL,744,$gin,1,,,,,
0,ADD,gin,$gin,,,,,,
0.06666,MUL,Ang,$gt,-1,,,,,
0,GasterBlaster,2,320,240,320,240,$Ang,1,0
0,ADD,gt,$gt,$gin,,,,,
0,JMPNL,749,$gin,1,,,,,
0,ADD,gin,$gin,,,,,,
0.06666,MUL,Ang,$gt,-1,,,,,
0,GasterBlaster,2,320,240,320,240,$Ang,1,0
0,ADD,gt,$gt,$gin,,,,,
0,JMPNL,754,$gin,1,,,,,
0,ADD,gin,$gin,,,,,,
0.06666,MUL,Ang,$gt,-1,,,,,
0,GasterBlaster,2,320,240,320,240,$Ang,1,0
0,ADD,gt,$gt,$gin,,,,,
0,JMPNL,759,$gin,1,,,,,
0,ADD,gin,$gin,,,,,,
0.06666,MUL,Ang,$gt,-1,,,,,
0,GasterBlaster,2,320,240,320,240,$Ang,1,0
0,ADD,gt,$gt,$gin,,,,,
0,JMPNL,764,$gin,1,,,,,
0,ADD,gin,$gin,,,,,,
0.06666,MUL,Ang,$gt,-1,,,,,
0,GasterBlaster,2,320,240,320,240,$Ang,1,0
0,ADD,gt,$gt,$gin,,,,,
0,JMPNL,769,$gin,1,,,,,
0,ADD,gin,$gin,,,,,,
0.06666,MUL,Ang,$gt,-1,,,,,
0,GasterBlaster,2,320,240,320,240,$Ang,1,0
0,ADD,gt,$gt,$gin,,,,,
0,JMPNL,774,$gin,1,,,,,
0,ADD,gin,$gin,,,,,,
0.06666,MUL,Ang,$gt,-1,,,,,
0,GasterBlaster,2,320,240,320,240,$Ang,1,0
0,ADD,gt,$gt,$gin,,,,,
0,JMPNL,779,$gin,1,,,,,
0,ADD,gin,$gin,,,,,,
0.06666,MUL,Ang,$gt,-1,,,,,
0,GasterBlaster,2,320,240,320,240,$Ang,1,0
0,ADD,gt,$gt,$gin,,,,,
0,JMPNL,784,$gin,1,,,,,
0,ADD,gin,$gin,,,,,,
0,MUL,Ang2,$gt2,-15,,,,,
0,COS,X2,$Ang2,,,,,,
0,SIN,Y2,$Ang2,,,,,,
0,MUL,EndX2,$X2,350,,,,,
0,MUL,EndY2,$Y2,350,,,,,
0,MUL,X2,$EndX2,3,,,,,
0,MUL,Y2,$EndY2,3,,,,,
0,ADD,X2,$X2,320,,,,,
0,ADD,Y2,$Y2,240,,,,,
0,ADD,EndX2,$EndX2,320,,,,,
0,ADD,EndY2,$EndY2,240,,,,,
0,ADD,Ang3,$Ang2,-30,,,,,
0,COS,X3,$Ang3,,,,,,
0,SIN,Y3,$Ang3,,,,,,
0,MUL,EndX3,$X3,350,,,,,
0,MUL,EndY3,$Y3,350,,,,,
0,MUL,X3,$EndX3,3,,,,,
0,MUL,Y3,$EndY3,3,,,,,
0,ADD,X3,$X3,320,,,,,
0,ADD,Y3,$Y3,240,,,,,
0,ADD,EndX3,$EndX3,320,,,,,
0,ADD,EndY3,$EndY3,240,,,,,
0,ADD,Ang4,$Ang2,-60,,,,,
0,COS,X4,$Ang4,,,,,,
0,SIN,Y4,$Ang4,,,,,,
0,MUL,EndX4,$X4,350,,,,,
0,MUL,EndY4,$Y4,350,,,,,
0,MUL,X4,$EndX4,3,,,,,
0,MUL,Y4,$EndY4,3,,,,,
0,ADD,X4,$X4,320,,,,,
0,ADD,Y4,$Y4,240,,,,,
0,ADD,EndX4,$EndX4,320,,,,,
0,ADD,EndY4,$EndY4,240,,,,,
0,ADD,Ang5,$Ang2,-90,,,,,
0,COS,X5,$Ang5,,,,,,
0,SIN,Y5,$Ang5,,,,,,
0,MUL,EndX5,$X5,350,,,,,
0,MUL,EndY5,$Y5,350,,,,,
0,MUL,X5,$EndX5,3,,,,,
0,MUL,Y5,$EndY5,3,,,,,
0,ADD,X5,$X5,320,,,,,
0,ADD,Y5,$Y5,240,,,,,
0,ADD,EndX5,$EndX5,320,,,,,
0,ADD,EndY5,$EndY5,240,,,,,
0,ADD,Ang6,$Ang2,-120,,,,,
0,COS,X6,$Ang6,,,,,,
0,SIN,Y6,$Ang6,,,,,,
0,MUL,EndX6,$X6,350,,,,,
0,MUL,EndY6,$Y6,350,,,,,
0,MUL,X6,$EndX6,3,,,,,
0,MUL,Y6,$EndY6,3,,,,,
0,ADD,X6,$X6,320,,,,,
0,ADD,Y6,$Y6,240,,,,,
0,ADD,EndX6,$EndX6,320,,,,,
0,ADD,EndY6,$EndY6,240,,,,,
0,ADD,Ang7,$Ang2,-150,,,,,
0,COS,X7,$Ang7,,,,,,
0,SIN,Y7,$Ang7,,,,,,
0,MUL,EndX7,$X7,350,,,,,
0,MUL,EndY7,$Y7,350,,,,,
0,MUL,X7,$EndX7,3,,,,,
0,MUL,Y7,$EndY7,3,,,,,
0,ADD,X7,$X7,320,,,,,
0,ADD,Y7,$Y7,240,,,,,
0,ADD,EndX7,$EndX7,320,,,,,
0,ADD,EndY7,$EndY7,240,,,,,
0,ADD,Ang8,$Ang2,-180,,,,,
0,COS,X8,$Ang8,,,,,,
0,SIN,Y8,$Ang8,,,,,,
0,MUL,EndX8,$X8,350,,,,,
0,MUL,EndY8,$Y8,350,,,,,
0,MUL,X8,$EndX8,3,,,,,
0,MUL,Y8,$EndY8,3,,,,,
0,ADD,X8,$X8,320,,,,,
0,ADD,Y8,$Y8,240,,,,,
0,ADD,EndX8,$EndX8,320,,,,,
0,ADD,EndY8,$EndY8,240,,,,,
0,ADD,Ang9,$Ang2,-210,,,,,
0,COS,X9,$Ang9,,,,,,
0,SIN,Y9,$Ang9,,,,,,
0,MUL,EndX9,$X9,350,,,,,
0,MUL,EndY9,$Y9,350,,,,,
0,MUL,X9,$EndX9,3,,,,,
0,MUL,Y9,$EndY9,3,,,,,
0,ADD,X9,$X9,320,,,,,
0,ADD,Y9,$Y9,240,,,,,
0,ADD,EndX9,$EndX9,320,,,,,
0,ADD,EndY9,$EndY9,240,,,,,
0,ADD,Ang10,$Ang2,-240,,,,,
0,COS,X10,$Ang10,,,,,,
0,SIN,Y10,$Ang10,,,,,,
0,MUL,EndX10,$X10,350,,,,,
0,MUL,EndY10,$Y10,350,,,,,
0,MUL,X10,$EndX10,3,,,,,
0,MUL,Y10,$EndY10,3,,,,,
0,ADD,X10,$X10,320,,,,,
0,ADD,Y10,$Y10,240,,,,,
0,ADD,EndX10,$EndX10,320,,,,,
0,ADD,EndY10,$EndY10,240,,,,,
0,ADD,Ang11,$Ang2,-270,,,,,
0,COS,X11,$Ang11,,,,,,
0,SIN,Y11,$Ang11,,,,,,
0,MUL,EndX11,$X11,350,,,,,
0,MUL,EndY11,$Y11,350,,,,,
0,MUL,X11,$EndX11,3,,,,,
0,MUL,Y11,$EndY11,3,,,,,
0,ADD,X11,$X11,320,,,,,
0,ADD,Y11,$Y11,240,,,,,
0,ADD,EndX11,$EndX11,320,,,,,
0,ADD,EndY11,$EndY11,240,,,,,
0,ADD,Ang12,$Ang2,-300,,,,,
0,COS,X12,$Ang12,,,,,,
0,SIN,Y12,$Ang12,,,,,,
0,MUL,EndX12,$X12,350,,,,,
0,MUL,EndY12,$Y12,350,,,,,
0,MUL,X12,$EndX12,3,,,,,
0,MUL,Y12,$EndY12,3,,,,,
0,ADD,X12,$X12,320,,,,,
0,ADD,Y12,$Y12,240,,,,,
0,ADD,EndX12,$EndX12,320,,,,,
0,ADD,EndY12,$EndY12,240,,,,,
0,ADD,Ang13,$Ang2,-330,,,,,
0,COS,X13,$Ang13,,,,,,
0,SIN,Y13,$Ang13,,,,,,
0,MUL,EndX13,$X13,350,,,,,
0,MUL,EndY13,$Y13,350,,,,,
0,MUL,X13,$EndX13,3,,,,,
0,MUL,Y13,$EndY13,3,,,,,
0,ADD,X13,$X13,320,,,,,
0,ADD,Y13,$Y13,240,,,,,
0,ADD,EndX13,$EndX13,320,,,,,
0,ADD,EndY13,$EndY13,240,,,,,
0,ADD,Ang13,$Ang13,180,,,,,
0,ADD,Ang12,$Ang12,180,,,,,
0,ADD,Ang11,$Ang11,180,,,,,
0,ADD,Ang10,$Ang10,180,,,,,
0,ADD,Ang9,$Ang9,180,,,,,
0,ADD,Ang8,$Ang8,180,,,,,
0,ADD,Ang7,$Ang7,180,,,,,
0,ADD,Ang6,$Ang6,180,,,,,
0,ADD,Ang5,$Ang5,180,,,,,
0,ADD,Ang4,$Ang4,180,,,,,
0,ADD,Ang3,$Ang3,180,,,,,
0,ADD,Ang2,$Ang2,180,,,,,
0,GetHeartPos,HeartX,HeartY,,,,,,
0,SUB,HeartX,$HeartX,100,,,,,
0,SUB,HeartY,$HeartY,100,,,,,
0,GetHeartPos,HeartXX,HeartYY,,,,,,
0,ADD,HeartXX,$HeartXX,100,,,,,
0,SUB,HeartYY,$HeartYY,100,,,,,
0,GetHeartPos,HeartXXX,HeartYYY,,,,,,
0,SUB,HeartXXX,$HeartXXX,100,,,,,
0,ADD,HeartYYY,$HeartYYY,100,,,,,
0,GetHeartPos,HeartXXXX,HeartYYYY,,,,,,
0,ADD,HeartXXXX,$HeartXXXX,100,,,,,
0,ADD,HeartYYYY,$HeartYYYY,100,,,,,
0,GasterBlaster,0,$X2,$Y2,$EndX2,$EndY2,$Ang2,1,0
0,GasterBlaster,0,$X3,$Y3,$EndX3,$EndY3,$Ang3,1,0
0,GasterBlaster,0,$X4,$Y4,$EndX4,$EndY4,$Ang4,1,0
0,GasterBlaster,0,$X5,$Y5,$EndX5,$EndY5,$Ang5,1,0
0,GasterBlaster,0,$X6,$Y6,$EndX6,$EndY6,$Ang6,1,0
0,GasterBlaster,0,$X7,$Y7,$EndX7,$EndY7,$Ang7,1,0
0,GasterBlaster,0,$X8,$Y8,$EndX8,$EndY8,$Ang8,1,0
0,GasterBlaster,0,$X9,$Y9,$EndX9,$EndY9,$Ang9,1,0
0,GasterBlaster,0,$X10,$Y10,$EndX10,$EndY10,$Ang10,1,0
0,GasterBlaster,0,$X11,$Y11,$EndX11,$EndY11,$Ang11,1,0
0,GasterBlaster,0,$X12,$Y12,$EndX12,$EndY12,$Ang12,1,0
0,GasterBlaster,0,$X13,$Y13,$EndX13,$EndY13,$Ang13,1,0
0,GasterBlaster,0,0,0,$HeartX,$HeartY,45,1,0
0,GasterBlaster,0,640,0,$HeartXX,$HeartYY,135,1,0
0,GasterBlaster,0,0,480,$HeartXXX,$HeartYYY,-45,1,0
0,GasterBlaster,0,640,480,$HeartXXXX,$HeartYYYY,-135,1,0
0,ADD,gt2,$gt2,$gin2,,,,,
0,JMPNL,960,$gin2,,,,,,
0,ADD,gin2,$gin2,,,,,,
0.06666,JMPL,504,$gt2,68,,,,,
3,CombatZoneResize,191,226,456,391,,,,
0,CombatZoneSpeed,1000,,,,,,,
0,HeartTeleport,320,304,,,,,,
0.5,SET,gt,0,,,,,,
0,SET,gin,2,,,,,,
0,MUL,Ang,$gt,-6,,,,,
0,COS,X,$Ang,,,,,,
0,SIN,Y,$Ang,,,,,,
0,MUL,EndX,$X,150,,,,,
0,MUL,EndY,$Y,150,,,,,
0,MUL,X,$EndX,3,,,,,
0,MUL,Y,$EndY,3,,,,,
0,ADD,X,$X,320,,,,,
0,ADD,Y,$Y,306,,,,,
0,ADD,EndX,$EndX,320,,,,,
0,ADD,EndY,$EndY,306,,,,,
0,ADD,Ang2,$Ang,-90,,,,,
0,COS,N,$Ang2,,,,,,
0,SIN,O,$Ang2,,,,,,
0,MUL,EndN,$N,150,,,,,
0,MUL,EndO,$O,150,,,,,
0,MUL,N,$EndN,3,,,,,
0,MUL,O,$EndO,3,,,,,
0,ADD,N,$N,320,,,,,
0,ADD,O,$O,306,,,,,
0,ADD,EndN,$EndN,320,,,,,
0,ADD,EndO,$EndO,306,,,,,
0,ADD,Ang2,$Ang2,180,,,,,
0,ADD,Ang,$Ang,180,,,,,
0,GasterBlaster,2,$X,$Y,$EndX,$EndY,$Ang,1,0
0,GasterBlaster,2,$N,$O,$EndN,$EndO,$Ang2,1,0
0,ADD,gt,$gt,$gin,,,,,
0,JMPNL,995,$gin,0.09,,,,,
0,ADD,gin,$gin,0.015,,,,,
0.1,JMPL,966,$gt,363,,,,,
2.4,sound,mus_zz_megalovania,0,,,,,,
0,CombatZoneResize,241,226,406,391,,,,
0,HeartTeleport,320,304,,,,,,
0,SansHead,BlueEye,,,,,,,
0,DamagePlayer,-92,,,,,,,
0.5,SET,Loop,155,,,,,,
0,SUB,Loop,$Loop,1,,,,,
0,RND,Ang,360,,,,,,
0,COS,X,$Ang,,,,,,
0,SIN,Y,$Ang,,,,,,
0,MUL,EndX,$X,200,,,,,
0,MUL,EndY,$Y,200,,,,,
0,MUL,X,$X,400,,,,,
0,MUL,Y,$Y,300,,,,,
0,GetHeartPos,HeartX,HeartY,,,,,,
0,ADD,EndX,$EndX,$HeartX,,,,,
0,ADD,EndY,$EndY,$HeartY,,,,,
0,ADD,X,$X,$HeartX,,,,,
0,ADD,Y,$Y,$HeartY,,,,,
0,JMPNL,1017,$EndX,50,,,,,
0,SET,EndX,50,,,,,,
0,JMPNG,1019,$EndX,590,,,,,
0,SET,EndX,590,,,,,,
0,JMPNL,1021,$EndY,40,,,,,
0,SET,EndY,40,,,,,,
0,JMPNG,1023,$EndY,440,,,,,
0,SET,EndY,440,,,,,,
0,ANGLE,Ang,$EndX,$EndY,$HeartX,$HeartY,,,
0,GasterBlaster,0,$X,$Y,$EndX,$EndY,$Ang,0.26666,0.26666
0,DamagePlayer,-142,,,,,,,
0.03,JMPNZ,1002,$Loop,,,,,,
0,CombatZoneResize,311,296,336,321,,,,
0,CombatZoneSpeed,200,,,,,,,
0,sanssweat,3,,,,,,,
0,SansAnimation,Tired,,,,,,,
0,SansHead,Closedeyes,,,,,,,
0.2,sanstext,ok.kid,,,,,,,
0,SansHead,BlueEye,,,,,,,
0,sanstext,goodbye,,,,,,,
0.5,GetHeartPos,HeartX,HeartY,,,,,,
0,ADD,HeartX,$HeartX,250,,,,,
0,gasterblaster,2,640,0,$HeartX,$HeartY,180,2,-1
2.5,RND,xuanze,4,,,,,,
0,ADD,xuanze,$xuanze,1,,,,,
0,JMPREL,$xuanze,,,,,,,
0,JMPREL,4,,,,,,,
0,JMPREL,6,,,,,,,
0,JMPREL,8,,,,,,,
0,JMPREL,10,,,,,,,
0,DamagePlayer,-142,1,,,,,,
0,DamagePlayer,141,1,,,,,,
0,JMPABS,END,,,,,,,
0,DamagePlayer,-142,1,,,,,,
0,DamagePlayer,141,1,,,,,,
0,JMPABS,END,,,,,,,
0,DamagePlayer,-142,1,,,,,,
0,DamagePlayer,141,1,,,,,,
0,JMPABS,END,,,,,,,
0,DamagePlayer,-142,1,,,,,,
0,DamagePlayer,999,1,,,,,,
0,JMPABS,END,,,,,,,
0,:END,,,,,,,,
0,SansHead,Tired2,,,,,,,
0,sanstext,NO!,,,,,,,
0,SansHead,Closedeyes,,,,,,,
0,sanstext,well,,,,,,,
0,SansHead,Wink,,,,,,,
0,sanstext,You win,,,,,,,
0.2,EndAttack,,,,,,,,
